Firm Name,Website,Address,City,State,Personal Injury Reference Link 1,Personal Injury Reference Link 2,Company LinkedIn Profile,Person LinkedIn URL 1,Person LinkedIn URL 2
Oakes Law Group,oakeslawgroup.com,2800 E Grand River Suite B,Lansing,MI,https://oakeslawgroup.com/our-services/,https://www.instagram.com/shaneika.esq/,https://www.linkedin.com/in/michael-oakes-4441a268,,
O'Keefe Law,okeefelaw.net,"7804 Francis Ct, Ste 110",Lansing,MI,https://okeefelaw.net/articles/debunking-6-common-myths-about-criminal-defense-lawyers/,https://okeefelaw.net/case-studies/fighting-for-justice-defending-a-young-mans-right-to-self-defense/,https://www.linkedin.com/in/patrick-o-keefe-b91a8a56,,
"Rapaport, Pollok, Farrell & Waldron, P.C.",rpfwlaw.com,"741 N. Cedar St., Suite 101B, Manpower Building",Lansing,MI,https://www.rpfwlaw.com/practice-areas.html,https://www.rpfwlaw.com/,https://www.linkedin.com/in/rapaport-pollok-farrell-waldron-p-c-270bb47b,,
"The Woolley Law Firm, PLLC",thewoolleylawfirm.com,"4601 West Saginaw Hwy., Suite J-4",Lansing,MI,,,https://www.linkedin.com/in/woolley-lyonel-58372911,,
"Berry Law Offices, PLC",theberrylawfirm.com,2295 Sower Blvd. P.O. Box 1096,Okemos,MI,https://theberrylawfirm.com,https://www.facebook.com/theberrylawfirm/,https://www.linkedin.com/posts/cortez-ruiz_just-finished-a-week-of-clerk-training-at-activity-7200194177601593344-uWdt,,
"The Ficklin Law Firm, PLLC",ficklinlaw.com,"303 South Waverly Road, Lansing, Michigan 48917, United States",Lansing,MI,https://ficklinlaw.com,https://www.avvo.com/attorneys/48912-mi-bobby-ficklin-4617371.html,https://www.linkedin.com/in/bobby-ficklin-jr-esq-626bb516,,
"DeBruin Law, PLLC",lansingattorney.com,321 W Lake Lansing Rd,East Lansing,MI,,,https://www.linkedin.com/company/debruin-law-pllc,,
"Leydorf Law Firm, PLLC",yourestateplanninglawyer.com,"321 W Lake Lansing Rd., Ste. E",East Lansing,Michigan,,,https://www.linkedin.com/in/nickleydorf,,
Kallman Legal Group,kallmanlegal.com,5600 W. Mount Hope Hwy.,Lansing,MI,https://www.kallmanlegal.com/glps_case/,https://www.kallmanlegal.com/current-cases/,https://www.linkedin.com/in/stephen-kallman-4694843b,,
Coontz Law,coontzlaw.com,"500 E Michigan Ave Suite 130, Lansing, MI 48912",Lansing,MI,,,,https://www.linkedin.com/in/sheli-fulcher-koontz-99262127,https://www.linkedin.com/in/brandy-koontz-b66621111
Grabel & Associates,grabellaw.com,"124 W. Allegan St., Ste. 636",Lansing,MI,,,,https://www.linkedin.com/in/michigancriminalattorney,https://www.linkedin.com/in/timothy-doman-844527104
Samouris Law Firm,samourislaw.com,120 North Washington Square Suite 300,Lansing,MI,https://samourislaw.com/practice-areas/,https://samourislaw.com/,,https://www.linkedin.com/in/peter-samouris-a5241261,https://www.linkedin.com/in/phillipsamouris
"Basiga Law Firm, PC",basigalawfirm.com,909 N Washington Avenue,Lansing,MI,,,https://www.linkedin.com/in/brendon-basiga-693371,,
Lansing Legal Group,lansinglegalgroup.com,"612 S Creyts Rd, Ste C",Lansing,MI,,,https://www.linkedin.com/in/nicholasgarlinghouse,,
"The Harkness Law Firm, PLLC",harknesslawpllc.com,"4121 Okemos Rd., Suite 17",Okemos,MI,https://harknesslawpllc.com,https://harknesslawpllc.com/services/,https://www.linkedin.com/in/cullen-harkness-4202b512,,
Wood & Associates PLLC,woodandassociatespllc.com,2943 W Dickman Rd,Springfield,Michigan,,,,https://www.linkedin.com/in/kent-wood-ii-2392067,https://www.linkedin.com/in/anamariagonzalezwood
Law Office of Brian T. Richards,richardsimmigrationlaw.com,1005 South Washington Avenue,Lansing,MI,,,,https://www.linkedin.com/in/max-smith-363a4681,https://www.linkedin.com/in/megan-richards-365248b
Heisler Law Office,heislerfamilylaw.com,200 N Cochran Ave,Charlotte,MI,,,,https://www.linkedin.com/in/steven-heisler-8aaa745,https://www.linkedin.com/in/sean-dobbs-16ab32a7
Clark Hill PLC,clarkhill.comofficeslansing,"215 South Washington Square, Suite 200",Lansing,MI,https://www.clarkhill.com/offices/lansing/,https://www.clarkhill.com/news-events/news/clark-hill-moves-in-lansing/,https://www.linkedin.com/company/clark-hill-p-l-c/,,
"Knaggs Brake, P.C.",kblawpc.com,7521 Westshire Dr.,Lansing,MI,,,,https://www.linkedin.com/in/rhonda-kunkel-3a64a08,https://www.linkedin.com/in/brian-coyer-4b1ba78
Ben Hall Law,benhalllaw.com,139 W Lake Lansing Road Suite 140,East Lansing,MI,,,https://www.linkedin.com/company/ben-hall-law,,
Williams Law Firm of Arkansas,williamslawfirm.com,100 West Main Street,Gentry,AR,,,,https://www.linkedin.com/in/david-l-williams,https://www.linkedin.com/in/ronaldawilliams1
"Green Law Firm, PLLC",crgreenlaw.com,"1140 Abbot Road, #1414",East Lansing,MI,https://www.crgreenlaw.com/areas-of-practice,https://www.crgreenlaw.com/testimonials,,https://www.linkedin.com/in/john-green-379b65165,https://www.linkedin.com/in/kenya-green-b41b034
The Kraft Law Firm PLLC,kraftlawfirm.info,320 W Ottawa St,Lansing,MI,,,https://www.linkedin.com/in/daniel-kraft-23b70519,,
Chalgian & Tripp Law Offices,mielderlaw.com,"26211 Central Park Blvd., Suite 200",Southfield,MI,,,,https://www.linkedin.com/in/doug-chalgian-bb976012,https://www.linkedin.com/in/amy-tripp-46189918
The Kronzek Firm PLC,kronzekfirm.com,"420 S Waverly Rd, Suite 100",Lansing,MI,https://www.sexcrimeattorneys.com/attorneys/charles-kronzek/,https://childprotectiveservicesdefense.com/lansing-cps-lawyer/,https://www.linkedin.com/company/kronzek-&-cronkright-pllc,,
"The Gallagher Law Firm, PLC",thegallagherlawfirm.com,2001 Abbot Road,East Lansing,MI,https://www.thegallagherlawfirm.com/,https://www.yelp.com/biz/the-gallagher-law-firm-east-lansing-2,https://www.linkedin.com/company/the-gallagher-law-firm,,
Foster Swift,fosterswift.com,313 South Washington Square,Lansing,MI,https://www.fosterswift.com/contact/Lansing-Law-Firm-Michigan-Lawyers,https://www.fosterswift.com/contact,https://www.linkedin.com/company/foster-swift-collins-&-smith-p.c.,,
The Law Office of Kareem Johnson PLLC,protectmyfreedom.org,115 W Allegan St #700,Lansing,MI,https://protectmyfreedom.org/,https://attorneyslisted.com/attorney/the-law-office-of-kareem-johnson-pllc/,,https://www.linkedin.com/in/karim-hanafy,https://www.linkedin.com/in/christina-nigra-johnson-609b034
"Witte Law Offices, LLC",wittelaw.com,"7670 N. Port Washington Rd., Suite 103",Milwaukee,WI,https://lawyers.justia.com/lawyer/luke-t-witte-1504156,https://www.avvo.com/attorneys/53217-wi-luke-witte-1515503.html,,https://www.linkedin.com/in/luke-witte-377539b5,https://www.linkedin.com/in/joshua-kopp-925ba794
"Farhat & Story, P.C.",farhatandstory.com,"7521 Westshire Drive, Ste. 100",Lansing,MI,https://www.feldmanchevyoflansing.com/best-personal-injury-attorneys-lansing-mi.html,https://www.farhatandstory.com,https://www.linkedin.com/in/jeff-landon-38275717,,
"Martinez Family Law, PLLC",jenniphermartinezlaw.com,321 W Lake Lansing Road,East Lansing,MI,,,,https://www.linkedin.com/in/brandonosterbind,https://www.linkedin.com/in/miriam-e-martinez-127b7865
Law Offices of Stuart R Shafer,stushafer.com,1223 Turner St Ste 333,Lansing,MI,https://stushafer.com/criminal-lawyer/,https://stushafer.com/michigan-criminal-lawyer/,,https://www.linkedin.com/in/desiderio,https://www.linkedin.com/in/rberman1
ABMD Law,abmdlaw.com,1005 S. Washington Ave.,Lansing,MI,,,,https://www.linkedin.com/in/greg-band-28a0b911b,https://www.linkedin.com/in/delanie-gibbons-esq-ll-m-7490932a7
"Thrun Law Firm, P.C.",thrunlaw.com,39555 Orchard Hill Place Suite 430,Novi,MI,,,https://www.linkedin.com/company/thrun-law-firm,,
Cronkright Law,michiganparentdefense.com,4601 W Saginaw Hwy Suite J2A,Lansing,MI,https://www.michiganparentdefense.com/,https://www.cronkrightlaw.com/,,https://www.linkedin.com/in/thomas-cronkright-328a9818,https://www.linkedin.com/in/ashlee-kevwitch-begrowicz-j-d-60b026125
J.K. Winters P.C.,winterspc.com,"411 West Lake Lansing Road, Suite B-125",East Lansing,MI,https://winterspc.com,https://usattorneys.com/law-firm/jk-winters-p-c/,https://www.linkedin.com/company/jkwinterspc,,
"McGinty, Hitch, Person, Anderson & Revore, P.C.",mcgintylaw.com,601 Abbott Road,East Lansing,MI,http://www.mcgintylaw.com/about-us/,http://www.mcgintylaw.com/about-us/meet-our-team/,,https://www.linkedin.com/in/david-m-revore-9081a929,https://www.linkedin.com/in/thomashitch
Timothy O'Rourke Attorney at Law,timorourkelaw.com,422 W. Lenawee St.,Lansing,MI,http://www.timorourkelaw.com/personal-injury.html,https://lawful.com/mi/lansing/personal-injury-lawyers/timothy-o-rourke-L-orMnETr,,https://www.linkedin.com/in/tim-o-rourke-8090ab1a,https://www.linkedin.com/in/timothy-o-rourke-051b5011
Elder Law of Michigan,elderlawofmi.org,"3815 W. Saint Joseph, Suite C200",Lansing,MI,https://michiganlegalhelp.org/find-lawyer/elder-law-of-michigan,https://www.elderlawofmi.org/services,https://leadiq.com/c/elder-law-of-michigan/5a1d9fd523000054009095cc,,
"Neumann Law, P.C. Attorneys At Law",neumannlaw.com,"1995 Cedar Street, Suite 1",Holt,MI,,,,https://www.linkedin.com/in/kathynewman,https://www.linkedin.com/in/brentley-cronquist-esq
"Dana Nessel, Attorney at Law",michigan.govag,Unknown,Unknown,Michigan,https://www.naag.org/attorney-general/dana-nessel/,https://www.michigan.gov/ag/team-listing-page/attorney-general-dana-nessel,,https://www.linkedin.com/in/dana-nessel-7a9aa12b,https://www.linkedin.com/in/melissa-bianchi-60552a46
Family Elder Law,family-elder-law.com,,,Florida,https://www.fox13news.com/news/family-elder-law-closes-doors-leaving-clients-lack-answers-limbo,https://www.lakewalesnews.net/story/2024/07/24/news/sudden-closure-of-family-elder-law-leaves-clients-employees-in-the-dark/4388.html,,https://www.linkedin.com/in/kmleonard1,https://www.linkedin.com/in/michaeljgreenberg
"Sean L. Campbell Law Offices, PLLC",affordablebankruptcymi.com,"4125 Okemos Rd, Okemos, MI 48864",Okemos,MI,https://www.lawyer.com/sean-l-campbell.html,,,https://www.linkedin.com/in/seanfrankmiles,https://www.linkedin.com/in/sean-l-collin-21645b6
Car Accident Law Firm,caraccidentlawfirm.org,400 S. Dort Highway,Flint,MI,https://www.michiganautolaw.com/about/locations-served/flint-car-accident-lawyer/,https://www.goodmanacker.com/flint-car-accident-lawyer/,,https://www.linkedin.com/in/justin-lovely-myrtle-beach-injury-lawyer,https://www.linkedin.com/in/loyd-j-bourgeois
Melvin S McWilliams PC,mcwilliams4law.com,"612 S Creyts Rd, Ste D",Lansing,MI,https://localestateplanners.com/lawyers/melvin-mcwilliams-lansing-estate-planning-attorney/,,https://www.linkedin.com/in/mcwilliams4law,,
"Croson, Taub, & Michaels, PLLC",ctmlawyers.com,"455 E. Eisenhower Pkwy, Suite 75",Ann Arbor,Michigan,,,,https://www.linkedin.com/in/adam-taub-77580867,https://www.linkedin.com/in/joseph-x-michaels-177182200
"Alane Family Law, P.C.",alanefamilylaw.com,403 Seymour Avenue,Lansing,MI,,,https://www.linkedin.com/in/natalie-alane-6861473,,
"Tomal & Dudley, P.C.",erictomal.com,4112 W. Saint Joe Hwy.,Lansing,MI,https://www.lansingstatejournal.com/story/news/2020/08/27/charlotte-eaton-robbery-assault-attempted-murder-injury/3442738001/,https://www.lansingstatejournal.com/story/news/local/2018/02/28/prosecutor-dying-man-uttered-killers-name-after-2016-lansing-shooting/379653002/,,,
Noud & Noud Attorney at Law,noudandnoud.com,155 W Maple St,Mason,MI,https://noudandnoud.com/attorneys/john-l-noud/,https://noudandnoud.com/practice-areas/wrongful-death/,,https://www.linkedin.com/in/andrewahowell,https://www.linkedin.com/in/benjamin-fox-90902375
Lowe Law Firm,lowelaw.net,"2375 Woodlake Drive, Suite 380",Okemos,Michigan,,,,https://www.linkedin.com/in/jonathan-lowe-186a154a,https://www.linkedin.com/in/niklas-simmons
Dykema Gossett PLLC,dykema.com,400 Renaissance Center,Detroit,MI,https://www.dykema.com/services.html,https://legacy.vault.com/company-profiles/law/dykema-gossett-pllc,https://www.linkedin.com/company/dykema-gossett-pllc,,
"Reid Law Offices, PLC",creidlaw.com,"200 N. Washington Sq., 4th Floor",Lansing,MI,,,,https://www.linkedin.com/in/glenn-reid-a13b5129,https://www.linkedin.com/in/colleen-reid-b287b525
"Ronald A. Zawacki, Attorney",zawackilawmi.com,830 W Lake Lansing Rd.,East Lansing,MI,https://www.zawackilawmi.com/services,https://lawyers.justia.com/lawyer/ronald-a-zawacki-714606,,https://www.linkedin.com/in/mary-beth-wimberley-727989b,https://www.linkedin.com/in/almirhotesq
Cornerstone Legal PLLC,cornerstonelegalpllc.com,P.O. Box 9,Dimondale,MI,,,,https://www.linkedin.com/in/katrinahofstetter,https://www.linkedin.com/in/candace-waters-a0ab191aa
Lyke Law PLLC,lykelaw.com,"200 Woodland Pass, Suite B",East Lansing,MI,https://www.elitelawyer.com/profile/10894-kristina-lyke,https://www.mapquest.com/us/michigan/lyke-law-377238194,,https://www.linkedin.com/in/ehchambi,https://www.linkedin.com/in/adam-j-lyke-a279a13b
"The Law Offices of Casey D. Conklin, PLC",caseydconklin.com,4084 Okemos Rd. Ste B,Meridian Charter Township,MI,https://personalfamilylawyer.com/lawyer/casey-conklin,https://familybusinesslawyer.co/lawyers/427/,,https://www.linkedin.com/in/casey-conklin-468144b,https://www.linkedin.com/in/emily-nestor-6b94a5134
Acclaim Legal Services,acclaimlegalservices.com,"23400 Michigan Ave, Ste 715",Dearborn,MI,,,,https://www.linkedin.com/in/stephen-beard-07a13548,https://www.linkedin.com/in/daniel-dicicco-8047204b
"Fraleigh Law Firm, PLLC",fraleighlaw.com,"6200 Pine Hollow Drive, Suite 200",East Lansing,MI,https://www.elderlawanswers.com/elder-law-attorney/Michael-Fraleigh/attId/5533/locId/292,"https://fraleighlaw.com/lawyer/Michael-Fraleigh,-Attorney-at-Law_cp6113.htm",,https://www.linkedin.com/in/tom-fraleigh-262533126,https://www.linkedin.com/in/steven-p-smith-a29b9226
"Murphy & Spagnuolo, P.C.",mbspclaw.com,"2123 University Park Drive, Ste. 130",Okemos,Michigan,https://www.mbspclaw.com/practice-areas/insurance-defense/,https://www.mbspclaw.com/practice-areas/,,https://www.linkedin.com/in/gary-bender-53511a13,https://www.linkedin.com/in/lindsaydangl
Baldori & Associates,baldorilaw.com,"6035 Executive Dr, Suite 101",Lansing,MI,https://baldorilaw.com/,https://baldorilaw.com/our-practice-areas/,https://www.linkedin.com/in/marcus-baldori-29466358,,
Miller Canfield,millercanfield.com,"150 West Jefferson Ave, Suite 2500",Detroit,Michigan,https://www.zoominfo.com/c/miller-canfield-llp/29474995,https://www.ela.law/firms/millercanfield,https://www.linkedin.com/company/miller-canfield,,
Bossenbrook Williams,bossenbrook.com,"1690 Watertower Pl, Ste. 400",East Lansing,MI,,,,https://www.linkedin.com/in/davidjwilliams1,https://www.linkedin.com/in/dave-lancaster-a612937
AW Law,lawyers4students.com,262 S 3rd Street,Columbus,OH,,,,https://sg.linkedin.com/in/adrian-aw-55a43474,https://sg.linkedin.com/in/abdul-wahab-aa6b67172
"Jeffrey A. Chip, P. C.",jeffchiplaw.com,"4121 Okemos Rd, Ste 13",Okemos,MI,https://lawful.com/mi/east-lansing/personal-injury-lawyers/jeffrey-a--chip-pc-jf6okFA50,http://jeffchiplaw.com/about,,https://www.linkedin.com/in/chip-monk-91225433,https://www.linkedin.com/in/jeffrey-petersen-44458b4
"Buhl, Little, Lynwood & Harris, PLC",bllhlaw.com,"271 Woodland Pass, Suite 115",East Lansing,MI,https://www.floridabar.org/directories/find-mbr/profile/?num=115128,https://www.floridabar.org/about/section/profile/?num=88723,,https://www.linkedin.com/in/nancy-little-944b74a,https://www.linkedin.com/in/micki-pasteur-2864a729
Warner Norcross + Judd LLP,wnj.com,"1500 Warner Building, 150 Ottawa Ave NW",Grand Rapids,Michigan,https://www.wnj.com/offices/grand-rapids/,https://en.wikipedia.org/wiki/Warner_Norcross_&_Judd,https://www.linkedin.com/company/warner-norcross-judd-llp,,
"Babbitt Legal Group, PC",sallybabbittlaw.com,6005 W St Joe Hwy STE 302,Lansing,MI,,,https://www.linkedin.com/in/sallybabbittlaw,,
Legal Services of South Central Michigan,lsscm.org,"3490 Belle Chase Way, #50",Lansing,MI,https://michiganlegalhelp.org/find-lawyer/legal-services-of-south-central-michigan-lansing,https://michiganlegalhelp.org/find-lawyer/legal-services-of-south-central-michigan-expungement-assistance,,https://www.linkedin.com/in/debra-gibbs-71698017,https://www.linkedin.com/in/angelatripi
Dickinson Wright PLLC,dickinson-wright.com,"500 Woodward Avenue, Suite 4000",Detroit,Michigan,https://www.dickinson-wright.com/our-firm/locations/detroit-office-united-states-of-america,https://www.bestlawfirms.com/firms/dickinson-wright-pllc/4464/US,https://www.linkedin.com/company/dickinson-wright-pllc,,
"Fraser Trebilcock Davis & Dunlap, P.C.",fraserlawfirm.com,"124 W Allegan St, Suite 1000",Lansing,MI,https://scglegal.com/firms/fraser-trebilcock/,https://www.fraserlawfirm.com,https://www.linkedin.com/company/fraser-trebilcock-davis-&-dunlap-p-c-,,
"Garris, Garris, Garris & Garris, P.C.",garrislaw.com,300 East Washington Street,Ann Arbor,Michigan,https://www.garrislaw.com/,https://www.garrislaw.com/attorneys,,https://www.linkedin.com/in/steven-garris-b1a35240,https://www.linkedin.com/in/sarah-grimm-garris-esq-8839b34
"Geherin Law Group, PLLC",glgmichigan.com,760 W. Eisenhower Parkway Suite #305,Ann Arbor,MI,https://www.glgmichigan.com/about/firm-videos,https://www.glgmichigan.com/,https://www.linkedin.com/company/glg-michigan,,
"Biggs & Gunst, PC",biggsgunst.com,3830 Packard St Ste 240,Ann Arbor,MI,https://www.biggsgunst.com/annarbor-personal-injury-attorney,https://www.biggsgunst.com/blog,,https://www.linkedin.com/in/scott-gunst-b02a0b98,
Hurwitz Law PLLC,hurwitzlaw.com,340 Beakes St. Suite 125,Ann Arbor,MI,https://www.hurwitzlaw.com/,https://www.yelp.com/biz/hurwitz-law-ann-arbor,https://www.linkedin.com/company/hurwitzlaw,,
Law Offices of Joseph A. Simon,simoncriminaldefense.com,1310 S Main St Ste 11,Ann Arbor,MI,https://www.simoncriminaldefense.com/practice-area/milan-drunk-driving-dui-owi,https://www.simoncriminaldefense.com/practice-area/drug-crimes,,https://www.linkedin.com/in/joseph-simon-64812448,https://www.linkedin.com/in/michael-dagher-margosian-15851714
Margolis Law Firm,lawinannarbor.com,"402 W Liberty St, Suite #100",Ann Arbor,MI,https://lawinannarbor.com,https://legalnews.com/Home/Articles?DataId=1513055,https://www.linkedin.com/company/margolis-cross,,
Green Maple Law Group,maplelawgroup.com,1100 Quail Street #202,Newport Beach,CA,,,,https://www.linkedin.com/in/dannychen44,https://www.linkedin.com/in/robin-sh-huang
The TGQ Law Firm,tgqlaw.com,2144 S State St Ste F,Ann Arbor,MI,,,https://www.linkedin.com/in/terrencequinn,,
Tishkoff PLC,tish.law,407 North Main Street,Ann Arbor,Michigan,https://tish.law/,https://tish.law/firm-overview/,https://www.linkedin.com/pulse/new-tishlaw-logo-sign-tishkoff-plc,,
ArborYpsi Law,arborypsilaw.com,"2750 Carpenter Rd., Ste 2",Ann Arbor,MI,https://www.avvo.com/attorneys/48108-mi-samuel-bernstein-4008257.html,,,https://www.linkedin.com/in/sam-bernstein-51545577,https://www.linkedin.com/in/t-j-hatt-46120619
Rutkowski Law Firm,rutkowskilawfirm.com,41000 Woodward Ave Suite 350,Bloomfield Hills,MI,https://lawyers.justia.com/lawyer/michael-l-rutkowski-1523923,https://localestateplanners.com/lawyers/michael-rutkowski-bloomfield-hills-estate-planning-attorney/,https://www.linkedin.com/company/rutkowski-law-firm,,
Law Offices of Jason Waechter,motorcyclelawyermichigan.com,,,Michigan,https://www.motorcyclelawyermichigan.com/about-us/,https://www.avvo.com/attorneys/48075-mi-jason-waechter-764245.html,,https://www.linkedin.com/in/jasonwaechter,https://www.linkedin.com/in/stephen-hardy-202a9921
"Bassett Murray Law Group, PLLC",bassettmurray.com,2045 Hogback Road,Ann Arbor,MI,,,https://www.linkedin.com/company/bassett-murray-law-group-pllc,,
"Kline Legal Group, PLC",michiganautoaccident.com,"483 Little Lake Drive, Suite 200",Ann Arbor,MI,https://americancourthouse.com/law-firms-injury-michigan-ann-arbor-kline-legal-group-plc/,https://www.michiganautoaccident.com/personal-injury/,,https://www.linkedin.com/in/john-kline-2b947431,https://www.linkedin.com/in/lillian-saba
"Bruce Weider, PC",bruceweider.com,"301 W. Michigan Ave, Suite 315",Ypsilanti,MI,https://www.bruceweider.com,https://www.avvo.com/attorneys/48197-mi-bruce-weider-765589.html,,,
Babnik Law,babniklaw.com,"2723 South State Street, Suite 150",Ann Arbor,MI,,,,https://www.linkedin.com/in/andrew-babnik-3a560995,https://si.linkedin.com/in/nata%C5%A1a-babnik-ab6494b
Ann Arbor Elder Law,annarborelderlaw.com,100 Huronview Blvd.,Ann Arbor,MI,https://annarborelderlaw.com/,https://www.justia.com/lawyers/elder-law/michigan/ann-arbor,,https://www.linkedin.com/in/kyra-sims-57771156,https://www.linkedin.com/in/terrencequinn
Ager Law Office PC,agerlawoffice.com,2750 S. State St. Suite 1,Ann Arbor,MI,https://www.avvo.com/attorneys/48103-mi-william-ager-102367.html,,,https://www.linkedin.com/in/bill-ager-460b0896,https://www.linkedin.com/in/maureenlyons
Roumel Law PLLC,roumel-law.com,,Washington,DC,https://www.roumel-law.com/about/,https://www.lawinfo.com/lawfirm/michigan/ann-arbor/law-office-of-nicholas-roumel/75cce84e-63d7-4108-b335-26947e50befa.html,https://www.linkedin.com/in/nicholas-roumel-0899934,,
IMMIGRATION LAW PLLC,immigrationlawpllc.com,"2500 Packard, Suite 109",Ann Arbor,MI,,,https://www.linkedin.com/company/immigration-law-pllc,,
The Shaw Law Firm,eshawlaw.com,"42705 Grand River Ave, Ste 201",Novi,Michigan,https://lawyers.justia.com/lawyer/edward-m-shaw-1484778,,,https://www.linkedin.com/in/jeffrey-shaw-168a935a,https://www.linkedin.com/in/elizabeth-ashlee-shaw-gonzales-99709b90
"Fifelski Legal, PLC",annarborslawyer.com,455 East Eisenhower Parkway Suite 360,Ann Arbor,MI,,,,https://www.linkedin.com/in/robert-elmen-02098811a,https://www.linkedin.com/in/juan-c-perez-353b1412
"Law Offices of Robert June, P.C.",junelaw.com,"415 Detroit St., 2nd Floor",Ann Arbor,MI,https://junelaw.com/practice-areas/,https://www.avvo.com/attorneys/48104-mi-robert-june-745269.html,,https://www.linkedin.com/in/robert-mazow-esq,https://www.linkedin.com/in/bo-harrington-221a033
"Israels & Neuman, PLC",israelsneuman.com,"2000 S. Colorado Blvd., Bldg. 1, Suite 2000",Denver,CO,https://www.aaronunderstands.com/lawyers/aaron-israels/,https://www.justia.com/lawyers/stockbroker-investment-fraud/colorado,,https://www.linkedin.com/in/david-neuman-b21809a3,https://www.linkedin.com/in/david-neuman-6b367520
Fett Law,fettlaw.com,407 E. Main St.,Pinckney,Michigan,https://www.fettlaw.com/wrongful-termination-lawyers/,https://www.fettlaw.com/case-types/breach-of-employment-contract-attorneys/,,https://www.linkedin.com/in/lorenz-fett-95495b16,https://www.linkedin.com/in/damienriehl
Waldron & Schneider,law-ws.com,"Off of Middlebrook Drive, Houston, TX",Houston,TX,https://ws-law.com/attorney-profiles/,,,https://www.linkedin.com/in/janina-wojtkowski-859a00a4,https://www.linkedin.com/in/heather-benzenhoefer-5ba8771a8
"NachtLaw, P.C.",nachtlaw.com,"501 Avis Drive, Suite 3",Ann Arbor,MI,https://www.nachtlaw.com/,https://autismallianceofmichigan.org/provider/nachtlaw-nacht-roumel-p-c/,https://www.linkedin.com/company/nachtlaw,,
"Babut Law Offices, PLLC",babutlawssd.com,700 Towner St,Ypsilanti,MI,,,,https://www.linkedin.com/in/meganbabut,
Varnum LLP,varnumlaw.com,4501 Tamiami Trail North,Naples,FL,https://www.bestlawfirms.com/firms/varnum-llp/4299/US,https://www.varnumlaw.com/about-our-firm/,https://www.linkedin.com/company/varnum-llp/,,
Law Office Of Andrew Park,immigrationpark.com,"3700 Wilshire Blvd, Suite 260",Los Angeles,CA,https://andrewparklaw.com/contact,,,https://www.linkedin.com/in/andrew-r-park-9bb10460,https://www.linkedin.com/in/andrew-park-2ba00314
"Nichols, Sacks, Slank, Sendelbach, Buiteweg & Solomon, P.C.",nsssb.com,524 S. Main St. Suite 210,Ann Arbor,MI,,,https://www.linkedin.com/company/nichols-sacks-slank-sendelbach-&-buiteweg-pc,,
"William M. Crawforth, P.C.",misocialsecuritylawyer.com,"905 W Eisenhower Cir, Ste 110",Ann Arbor,MI,https://lawyers.justia.com/lawyer/william-m-crawforth-pc-1488792,https://lawyers.uslegal.com/attorney/william-m-crawforth-pc-social-security-attorney-33852024/,,https://www.linkedin.com/in/william-crawforth-3a22aa4b,https://www.linkedin.com/in/sampoornaravikanth
"Law Offices of Conlin, McKenney & Philbrick, P.C.",cmplaw.com,"350 South Main Street, Suite 400",Ann Arbor,MI,https://www.cmplaw.com/attorneys/,https://www.cmplaw.com/attorney-titles/associate/,https://www.linkedin.com/company/cmplaw,,
Weiner & Randall Law Group PLC,wrplc.com,543 N Main St,Ann Arbor,MI,https://www.wrplc.com,https://www.wrplc.com/about/testimonials,https://www.linkedin.com/in/ron-randall-8ab0ba1b5,,
"Daniel R Shemke, PC",dshemke.com,301 N. Main St. (2nd Floor),Ann Arbor,MI,https://www.avvo.com/attorneys/48104-mi-daniel-shemke-760875.html,https://www.icle.org/modules/directories/contributors/bio.aspx?pnumber=p42900,,https://www.linkedin.com/in/dan-shemke-7469646,
"Arbor Estate Planning, Law Offices of Christopher Juillet, PLC",arborestateplanning.com,"2860 Carpenter Road, Suite 100B",Ann Arbor,MI,,,https://www.linkedin.com/in/christopherjuillet,,
"CTaylor Legal, P.C.",ctaylorlegal.com,"455 E. Eisenhower Pkwy., Suite 355",Ann Arbor,MI,,,,https://www.linkedin.com/in/jbencooper,https://www.linkedin.com/in/richard-c-taylor-51196634
"Pear, Sperling, Eggan & Daniels, P.C.",psedlaw.com,"24 Frank Lloyd Wright Drive, Suite D2000",Ann Arbor,Michigan,https://www.psedlaw.com/attorneys/annarbor/thomas-daniels,https://www.psedlaw.com/learn/more/wrongful-death-claims-probate-litigation-lawyers-ann-arbor,https://www.linkedin.com/company/pear-sperling-eggan-daniels-p-c,,
Mitzel Law Group PLC,mitzellaw.com,1590 Eisenhower Pl,Ann Arbor,Michigan,,,https://www.linkedin.com/company/mitzel-law-group-plc,,
Ferguson Widmayer & Clark PC,fw-pc.com,538 North Division Street,Ann Arbor,MI,,,,https://www.linkedin.com/in/miriam-saffo-0928aa103,https://www.linkedin.com/in/peter-clark-8599009a
"Elmen Legal, PLLC",criminallawyerofannarbor.com,"3300 Washtenaw Ave, Suite 277",Ann Arbor,MI,,,,https://www.linkedin.com/in/robert-elmen-02098811a,https://www.linkedin.com/in/miapoppe
JW Law Partners PC,jwlawpartners.com,4158 Washtenaw Ave.,Ann Arbor,MI,,,https://www.linkedin.com/in/jane-wang-47a6062b2,,
Ellis Porter PLC,ellisporter.com,"2701 Troy Center Drive, Suite 410",Troy,MI,,,https://www.linkedin.com/company/ellis-porter-plc,,
ZVMLaw,zvmlaw.com,"777 E Eisenhower Parkway, Suite 910",Ann Arbor,MI,,,https://www.linkedin.com/company/zvmlaw,,
Garan Lucow Miller P.C.,garanlucow.com,1155 Brewery Park Boulevard Suite 200,Detroit,MI,https://www.garanlucow.com/location/detroit-mi/,https://www.garanlucow.com/location/port-huron-mi/,https://www.linkedin.com/company/garan-lucow-miller-p.c.,,
"Crippen, Urquhart & Weber, LLP",a2attorneys.com,"203 S Zeeb Rd, Ste 205",Ann Arbor,MI,,,https://www.linkedin.com/in/lynelle-morgan-8a9725148,,
Drukis Law,drukislaw.com,3150 Packard Road,Ypsilanti,MI,https://www.drukislaw.com/personal-injury-attorney,https://www.drukislaw.com/reviews,https://www.linkedin.com/in/edward-voldemars-drukis-a2783a47,,
"Debolski, Debolski, & O'Connor",topmichiganlawyers.com,3003 Washtenaw Ave E,Ann Arbor,MI,https://www.attorneyyellowpages.com/personal-injury/debolski-debolski-oconnor/,https://topmichiganlawyers.com/,https://www.linkedin.com/in/brendon-debolski-96088173,,
Michigan Injury Attorneys,michigan-injury-lawyers.com,"2100 S. Main St., Ste A",Ann Arbor,MI,https://michigan-injury-lawyers.com/,https://michigan-injury-lawyers.com/contact-us/,,https://www.linkedin.com/in/stevengursten,https://www.linkedin.com/in/thomasjamesjdmba
"Blaske & Blaske, PLC",blaske.com,500 S Main St,Ann Arbor,MI,https://blaske.com/who-we-are/,https://www.bestlawfirms.com/firms/blaske-blaske-plc/4910/US,,https://www.linkedin.com/in/johnturck,https://www.linkedin.com/in/marco-lewis-4125b7119
Marrs & Terry PLLC,marrsterry.net,6553 Jackson Rd,Ann Arbor,MI,https://www.marrsterry.net/,https://www.attorneyatlaw.com/firms/marrs-terry-pllc,https://www.linkedin.com/in/michelle-marrs-052a7112,,
Kitchen Sharkey Family Law,kitchensharkey.com,3011 Miller Road,Ann Arbor,Michigan,,,,https://www.linkedin.com/in/elizabethkitchen,https://www.linkedin.com/in/katherine-sharkey-90495928
"Musser Love, P.C.",musserlove.com,4844 Jackson Rd Ste 204,Ann Arbor,MI,,,https://www.linkedin.com/in/alison-love-esq-92813051,,
Law Office of John Freeman,formerfedlawyer.com,3150 Livernois Rd Suite 270,Troy,Michigan,,,https://www.linkedin.com/company/law-office-of-john-freeman,,
Alfreda Menlove Attorney at Law,menlovelawoffice.com,"2500 Packard St., Suite 211B",Ann Arbor,MI,,,,,
"Francie L. Novar, PLLC",fnovarlaw.com,603 W Huron St Ste 202,Ann Arbor,MI,,,,https://www.linkedin.com/in/francie-novar-253a8131,
Joseph H. Spiegel PLLC,josephspiegel.com,825 Victors Way Suite 300,Ann Arbor,MI,https://avvo.com/attorneys/48108-mi-joseph-spiegel-761541.html,https://lawyers.justia.com/lawyer/joseph-spiegel-732418,,https://www.linkedin.com/in/benjamin-d-joffe-40b4b422,https://www.linkedin.com/in/dan-h-berger-2584a758
"Fessler Law, P.C.",fesslerlawpc.com,"220 E. Huron St., Suite 415",Ann Arbor,MI,,,,https://www.linkedin.com/in/michael-fessler-4560b616,https://www.linkedin.com/in/dustin-fessler-5b843925
"Iglesia Martell Law Firm, PLLC",iglesiamartell.com,"2723 S State Street, Suite 150",Ann Arbor,MI,https://iglesiamartell.com/,https://pridesource.com/marketplace/iglesia-martell-law-firm-pllc,,https://www.linkedin.com/in/angie-martell-85586873,https://www.linkedin.com/in/chrismcgrath11
Stimpson & Associates P.C.,stimpsonlaw.com,108 W Chicago Blvd.,Tecumseh,MI,,,,https://www.linkedin.com/in/david-stimpson-56a18a57,https://www.linkedin.com/in/a2jkelly
Meyers Law PLLC,jeffmeyerslaw.com,"3200 Greenfield Road, Suite 260",Dearborn,MI,https://jeffmeyerslaw.com/personal-injury/,https://jeffmeyerslaw.com/jeffrey-meyers/,,https://www.linkedin.com/in/maxmeyers,https://www.linkedin.com/in/pete-meyers-48370a7
Soble Rowe Krichbaum LLP,srkllp.com,302 E. Liberty,Ann Arbor,MI,https://www.srkllp.com/local-counsel,https://www.bestlawfirms.com/firms/soble-rowe-krichbaum-llp/38932/US,https://www.linkedin.com/in/matthew-krichbaum-59991ba,,
Legacy Law Center,elderlawannarbor.com,2950 S. State Street Suite 340,Ann Arbor,MI,,,,https://www.linkedin.com/in/chris-kane-2bbb8827,https://www.linkedin.com/in/laura-sossamon-15333747
Aldrich Legal Services,aldrichlegalservices.com,276 S Union St Ste 1,Plymouth,MI,https://www.aldrichlegalservices.com,https://business.plymouthmich.org/directory/Details/aldrich-legal-services-pllc-2164351,https://www.linkedin.com/company/aldrich-legal-services,,
Blanchard & Walker PLLC,bwjustice.com,"221 North Main St., Suite 300",Ann Arbor,MI,,,,https://www.linkedin.com/in/michiganemploymentlawyer,https://www.linkedin.com/in/kelly-mcclintock-esq-29911b2a
"Dever, Eby, & Issa, PLLC",deverebyissa.com,"301 N. Main Street, 2nd Floor",Ann Arbor,MI,https://deverebyissa.com/practice-areas/,https://www.bcgsearch.com/lawfirmprofile/pa-40-loc-2625251/michigan/ann-arbor/insurance,,https://www.linkedin.com/in/thomas-bourque-08b06430,https://www.linkedin.com/in/ari-goldstein-38104133
"Magill and Rumsey, P.C.",magillrumsey.com,455 E Eisenhower Pkwy Ste 355,Ann Arbor,Michigan,https://www.magillrumsey.com,https://www.magillrumsey.com/attorneys/,,https://www.linkedin.com/in/stewart-banner,https://www.linkedin.com/in/veronique-sweet-6abb2578
Berry Moorman P.C.,berrymoorman.com,"255 E. Brown St., Suite 320",Birmingham,Michigan,https://berrymoorman.com/attorneys-3/,https://berrymoorman.com/,https://www.linkedin.com/company/berry-moorman-p.c.,,
Blanchard & Walker PLLC,bwlawonline.com,"221 N Main St, Ste 300",Ann Arbor,MI,https://bwlawonline.com/employment-discrimination/,https://bwlawonline.com/david-blanchard/,https://www.linkedin.com/in/angela-walker-michigan-employment-lawyer,,
Schmerberg Law,schmerberg.com,209 East Michigan Avenue,Saline,MI,https://lawyers.justia.com/lawyer/luke-aaron-schmerberg-1648356,https://lawyers.justia.com/lawyer/fred-r-schmerberg-1641543,https://www.linkedin.com/in/luke-schmerberg-3576961ab,,
Law Office of John B. Owdziej,washtenawcountydivorce.com,"101 N Main St, Suite 470",Ann Arbor,MI,,,,,
Fink & Fink PLLC,finkandfink.com,3025 Miller Rd,Ann Arbor,MI,,,,https://www.linkedin.com/in/james-a-fink-06540110,https://www.linkedin.com/in/laurelstuartfink
Thomas More Law Center,thomasmore.org,"24 Frank Lloyd Wright Drive, Suite J3200",Ann Arbor,MI,https://www.thomasmore.org/news/sharia-the-usa-christians-jailed-preaching-muslims-dearborn-mi-officials-sued/,https://www.thomasmore.org/today-is-national-flag-day-display-it-proudly/,,https://www.linkedin.com/in/charles-saunders-56888437,https://www.linkedin.com/in/nicholasjfnelson
"Collis, Griffor & Hendra",collisandgriffor.com,1851 Washtenaw Avenue,Ypsilanti,MI,,,,https://www.linkedin.com/in/wolverinelaw,https://www.linkedin.com/in/beverlymgriffor
Roberts & Freatman,roberts-freatman.com,125 N. Huron Street,Ypsilanti,MI,,,https://www.linkedin.com/pub/dir/+/Freatman,,
"Debra S. Keehn, PLLC",debrakeehn.com,"1785 W. Stadium, Suite 106",Ann Arbor,MI,,,,https://ca.linkedin.com/in/debra-keehn-a4828752,
"Stacey Law Practice, PLLC",staceylawpractice.com,"455 E. Eisenhower Parkway, Suite 300",Ann Arbor,MI,,,https://www.linkedin.com/in/hooperhathawaycom,,
"McCoy & Associates, PLLC",mccoyandassociates.com,2381 E. Stadium Blvd,Ann Arbor,MI,https://www.mapquest.com/us/michigan/robert-mccoy-associates-372609670,https://nbltop100.org/members/robyn-mccoy/,https://www.linkedin.com/in/robyn-mccoy-50a5a012,,
The Fierberg National Law Group,tfnlgroup.com,"201 E. 17th Street, Suite A",Traverse City,MI,https://tfnlgroup.com,https://www.mapquest.com/us/michigan/tfnl-group-377157775,https://www.linkedin.com/company/tfnlgroup,,
Parsons Law Firm PLC,parsonslawfirm.net,"520 South Union Street, PO Box 1710",Traverse City,Michigan,https://www.parsonslawfirm.net/,https://www.parsonslawfirm.net/contact-us/,,https://www.linkedin.com/in/phil-parsons-45046324,https://www.linkedin.com/in/rew-goodenow-2417502
Three Sixty Law,threesixtylaw.com,502 Railroad Avenue,Traverse City,MI,https://threesixtylaw.com/practice-areas.php,https://threesixtylaw.com/attorney-profiles.php,https://www.linkedin.com/in/shawn-worden-65300b5,,
Razavi Law Group,razavi-law.com,"2090 North Tustin, Suite 250",Santa Ana,CA,https://www.razavilawgroup.com/,https://www.razavilawgroup.com/personal-injury-attorneys-ca/santa-ana/,https://www.linkedin.com/in/ali-razavi-esq-77ab418b,,
Williams & Associates,amberglawnorth.com,Unknown,Traverse City,MI,,,,https://gd.linkedin.com/in/francis-williams-03463150,https://www.linkedin.com/in/medicallaw
"Elhart & Kreinbrink, PLLC",eklawtc.com,329 S. Union St.,Traverse City,Michigan,https://www.eklawtc.com/,https://www.eklawtc.com/case-types,,,
The Law Office of Mattias Johnson,mattiaslawoffice.com,"310 W. Front Street, Suite 401",Traverse City,MI,,,,https://ch.linkedin.com/in/mattias-johnson-625876,https://www.linkedin.com/in/mathias-rabinovitch-b8134992
"Nolan Law Offices, PLLC",nolanlawoffices.com,"1 E Apple Ave Ste D, Muskegon, MI 49442",Muskegon,MI,https://elitelitigators.com/law-firm-reviews/nolan-law-offices-pllc/,https://nolanlawoffices.com/testimonials/for-more-than-25-years-we-have-trusted-terry/,https://www.linkedin.com/in/fiona-bishop-23225611a,,
West & West Law,westandwestlaw.com,1017 Sanford St.,Muskegon,MI,https://www.westandwestlaw.com/,https://www.mapquest.com/us/michigan/jeffrey-p-west-associates-288687341,,https://www.linkedin.com/in/tony-west-4843637b,https://www.linkedin.com/in/brooks-t-west-0b14a2128
"Vincent E. Carlson & Associates, PLC",vincentcarlsonlaw.com,2320 Lake Ave.,North Muskegon,MI,https://www.vincentcarlsonlaw.com/family-law/custody,https://www.vincentcarlsonlaw.com/contact-us,,https://www.linkedin.com/in/jeffery-greve-42727ba3,https://www.linkedin.com/in/crystal-carlisle-50a82462
"Brianna T Scott & Associates, PLLC",briannascott.com,75 West Apple Avenue,Muskegon,MI,https://lawyers.justia.com/lawyer/brianna-t-scott-720539,https://www.bcgsearch.com/bestlawfirms/Krpyi/Brianna-T-Scott-and-Associates-P-L-L-C/rankings,,https://www.linkedin.com/in/brianna-scott-104a00b9,https://www.linkedin.com/in/toriorent
Ed Anderson Attorney At Law,edandersonlaw.com,1 E Apple Ave. Suite B,Muskegon,MI,https://www.edandersonlaw.com/personal-injury,https://www.edandersonlaw.com,,https://www.linkedin.com/in/ed-anderson-87b95a73,https://www.linkedin.com/in/edanderson
"Roy J. Portenga, Attorney at Law",portengalaw.com,711 Center St,Muskegon,MI,https://portengalaw.com/,https://www.avvo.com/attorneys/49445-mi-roy-portenga-756855.html,,,
"West Michigan Law, PC",westmichiganlaw.com,900 3rd St STE 203,Muskegon,MI,,,https://www.linkedin.com/company/west-michigan-law,,
Parmenter Law,parmenterlaw.com,601 Terrace Street,Muskegon,MI,https://www.bbb.org/us/mi/muskegon/profile/lawyers/parmenter-law-0372-11002206,https://www.bcgsearch.com/bestlawfirms/KrIvr/Parmenter-Law/rankings,,https://www.linkedin.com/in/sfparmenter,https://www.linkedin.com/in/nicole-osborn-582b96103
"Matthew T. Miller & Associates, LLC",matthewtmillerlaw.com,75 W Walton Ave,Muskegon,MI,,,,https://www.linkedin.com/in/matthew-cramer-722989105,https://www.linkedin.com/in/matthewmillerlaw
"Bott & Spencer, PLC",bottspencer.com,"1181 Ransom St, Muskegon, MI 49442",Muskegon,MI,http://bottspencer.com/personalinjury.html,http://bottspencer.com,,https://www.linkedin.com/in/jennifer-goetz-4843b54b,https://www.linkedin.com/in/jamiehall86
Shutts & Bowen LLP,bowen-law.com,"200 South Biscayne Boulevard, Suite 4100",Miami,FL,,,,https://www.linkedin.com/in/natalie-card-6b5b99a2,https://www.linkedin.com/in/matthew-chait-36660a6
"Law Office of David E. Waterstradt, PLLC",davidwaterstradt.com,950 W Norton Ave Ste 405,Muskegon,MI,,,https://www.linkedin.com/in/david-waterstradt-97a18110,,
Garrett Law Offices,legalcures.com,"800 S Garfield Ave, Ste C",Traverse City,MI,https://www.ddc-law.com,https://www.mapquest.com/us/michigan/garrett-law-offices-405980562,,https://www.linkedin.com/in/courtney-garrett-esq-540a91192,https://www.linkedin.com/in/garrett-davis-a98a40b4
Michigan Workers Comp Lawyers,workerscomplawyerhelp.com,"30101 Northwestern Hwy, Suite 250",Farmington Hills,MI,https://www.workerscomplawyerhelp.com/,https://profiles.superlawyers.com/michigan/farmington-hills/lawfirm/michigan-workers-comp-lawyers/4b5fcfc0-4222-4c0f-a8a3-f6dea34d51e4.html,https://www.linkedin.com/posts/michigan-workers-comp-lawyers-alex-berman-pc_facilitation-hearing-process-explained-activity-7299805346452176898-iWW8,,
Jeffrey D. Vanderstelt PLC,jdvlaw.wixsite.com,333 W Western Ave Ste 6,Muskegon,MI,https://www.yelp.com/biz/vanderstelt-jeffrey-d-muskegon-2,https://lawyers.justia.com/lawyer/jeffrey-d-vanderstelt-722790,https://www.linkedin.com/in/jeffrey-d-vanderstelt,,
Gielow Groom Terpstra & McEvoy,ggtmlaw.com,281 Seminole Rd Fl 2,Norton Shores,Michigan,,,https://www.linkedin.com/company/gielow-groom-terpstra-&-mcevoy,,
Houghtaling Wasiura Thomas and Associates,chrishoughtaling.com,1065 Peck St,Muskegon,MI,https://www.floridabar.org/about/section/profile/?num=84352,https://sbm.reliaguide.com/lawyer/49441-MI-Chris-Houghtaling-44996,https://www.linkedin.com/in/chrishoughtaling,,
"Andrews Scheuerle + Huss, PLLC",muskegonattorneys.com,380 W Western Ave Ste 302,Muskegon,MI,https://www.muskegonattorneys.com/,https://www.bbb.org/us/mi/muskegon/profile/lawyers/andrews-scheuerle-and-huss-pllc-0372-38270662,https://www.linkedin.com/in/james-scheuerle-1430907,,
Lumbertown Law,lumbertownlaw.com,111 W. Western Avenue,Muskegon,MI,,,https://www.linkedin.com/in/kevinmhuss,,
Al Swanson Law Office,muskegon-lawyers.com,"Muskegon, MI",Muskegon,MI,https://www.muskegon-lawyers.com/,https://lawyers.justia.com/lawyer/al-e-swanson-jr-714694,,https://www.linkedin.com/in/alvin-swanson-144b397,https://www.linkedin.com/in/sue-swanson-b59a1a39
Burt Blee Dixon Sutton & Bloom,burtblee.com,200 E. Main St. Suite 1000,Fort Wayne,Indiana,https://www.burtblee.com/,https://www.burtblee.com/attorneys,https://www.linkedin.com/company/burt-blee-dixon-sutton-bloom-llp,,
Scott & Aplin LLC,scottaplinllc.com,1018 East Washington Blvd,Fort Wayne,Indiana,https://www.scottaplinllc.com/attorney/mccoy-brendan/,https://www.scottaplinllc.com/attorney/aplin-robert-douglas/,,https://www.linkedin.com/in/aaron-scott18,https://www.linkedin.com/in/robertaplin
"Kiplinger Law Firm, P.C.",kiplingerlaw.com,"229 W. Berry Street, Suite 200",Fort Wayne,IN,,,https://www.linkedin.com/in/roy-kiplinger-41693012,,
Indiana Legal Services Inc.,indianalegalservices.org,"1200 Madison Ave., Suite 300",Indianapolis,IN,https://indianalegalhelp.org/organization/indiana-legal-services-indianapolis/,https://www.indianalegalservices.org/about/,,https://www.linkedin.com/in/jaredhaller,https://www.linkedin.com/in/jonlaramore
"Longsworth Law, LLC",longsworthlaw.com,"7030 Pointe Inverness Way, Suite 330",Fort Wayne,Indiana,https://usattorneys.com/law-firm/longsworth-law-llc/,,,https://www.linkedin.com/in/daryllongworth,https://www.linkedin.com/in/jeffreylongsworth
Law Office of John G. Clifton,johngcliftonlaw.com,"116 E. Berry Street, The Lincoln Tower, Suite 610",Fort Wayne,IN,https://www.johngcliftonlaw.com,https://www.johngcliftonlaw.com/criminal-and-traffic,,https://www.linkedin.com/in/cliftonboswell,https://www.linkedin.com/in/john-bergdoll-38674110
Rothberg Law,srothberglaw.com,"229 West Berry Street, Suite 300",Fort Wayne,Indiana,https://www.srothberglaw.com/content/divorce-domestic-partnerships,https://www.expertise.com/legal/divorce-lawyers/indiana/fort-wayne,https://www.linkedin.com/company/rothberg-law-firm,,
Rothberg Law Firm,rlwlawfirm.com,"505 E Washington Blvd, P.O. Box 11647",Fort Wayne,Indiana,https://www.avvo.com/attorneys/46802-in-dennis-dykhuizen-4395759.html,https://www.bbb.org/us/in/fort-wayne/profile/legal-services/rothberg-law-firm-0352-2012162,https://www.linkedin.com/in/christine-stach-75a502a,,
"Stoll, Nussbaum & Polakov",stoll.law,"11601 Wilshire Boulevard, Suite 200",Los Angeles,CA,https://stolllaw.com/,https://www.lawcrossing.com/lawfirmprofile/K7shw/Stoll-Nussbaum-and-Polakov/,,https://www.linkedin.com/in/julie-farrugia-esq-94735937,https://www.linkedin.com/in/robert-stoll-b4689b62
"Blachly, Tabor, Bozik & Hartman, LLC",btbhlaw.com,"56 Washington Street, Suite 401",Valparaiso,Indiana,https://www.btbhlaw.com/attorneys/partners/colby-anton-barkes/,https://www.btbhlaw.com/attorneys/jeffrey-s-wrage/,,https://www.linkedin.com/in/colby-barkes-48a547205,https://www.linkedin.com/in/randall-zromkoski-3983b970
"Urberg Law Office, LLC",urberglaw.com,"803 S. Calhoun Street, Suite 600, Fort Wayne, IN 46802",Fort Wayne,Indiana,,,https://www.linkedin.com/in/konrad-urberg-8139b33a,,
Barnes & Thornburg LLP,btlaw.com,11 South Meridian Street,Indianapolis,IN,https://btlaw.com/en/people,https://btlaw.com/insights/publications/2015/main-justice-hide-no-harm-act-of-2015-targets-employers-directors-and-officers,https://www.linkedin.com/company/barnes-&-thornburg-llp/,,
Forrest Legal LLC,forrestlegalfirm.com,701 S Clinton St STE 218,Fort Wayne,IN,https://attorneyslisted.com/attorney/forrest-legal-llc/,https://www.lawcrossing.com/lawfirmprofile/KrgTI/Forrest-Legal-LLC/,https://www.linkedin.com/in/christopher-forrest-a90a7117,,
"The Law Office of Joshua D. Byanski, LLC",byanskilaw.com,116 E Berry St Suite 1700,Fort Wayne,IN,https://lawyers.justia.com/lawyer/joshua-d-byanski-1530408,https://attorneyslisted.com/attorney/the-law-office-of-joshua-d-byanski-llc/,https://www.linkedin.com/in/joshua-byanski-03b266106,,
Summit City Law Group,summitcitylawgroup.com,111 W Berry St #211,Fort Wayne,IN,,,,https://www.linkedin.com/in/peter-altman-4b657137,https://www.linkedin.com/in/kristin-anger-27120ba
"Shilts & Setlak, LLC",shiltslaw.com,"13011 Dawsons Creek, Suite C",Fort Wayne,IN,,,,https://www.linkedin.com/in/perry-shilts-ba61953a,https://www.linkedin.com/in/andrea-cross-3805024
"Seyfried Vicario, PC",seyfriedvicario.com,4602 Parnell Ave,Fort Wayne,IN,https://threebestrated.com/immigration-lawyers-in-fort-wayne-in,http://www.seyfriedvicario.com/team-brianseyfried.php,https://www.linkedin.com/in/nestor-vicario,,
Cordell & Cordell,cordellcordell.com,5337 Millenia Lakes Blvd. Suite 200,Orlando,FL,https://crimcourts.com,,,https://www.linkedin.com/in/joseph-cordell-35841611,https://www.linkedin.com/in/trippatkins
Fumarolo Law Office,fumarololawoffice.com,116 E Berry St Ste 500,Fort Wayne,IN,,,,https://www.linkedin.com/in/nicole-fumarola-8a08731b6,https://www.linkedin.com/in/christopherbloodworth
Scully Disability Law,scullydisabilitylaw.com,506 Ridge Road,Munster,Indiana,,,,https://www.linkedin.com/in/jeffreyhermanesq,https://www.linkedin.com/in/joshua-matejczyk-55138120
Gordon Arata Montgomery Barnett McCollam Duplantis & Eagan LLC,aratalawyers.com,"201 Saint Charles Avenue, 40th Floor",New Orleans,Louisiana,https://www.gamb.com/chambers-usa-ranks-eleven-gordon-arata-lawyers-in-four-practice-areas/,https://www.gamb.com/gordon-arata-attorneys-recognized-in-prestigious-chambers-usa-2023-rankings/,https://www.linkedin.com/company/gordon-arata-montgomery-barnett,,
Grubbs Law Office PC,thelegacylawfirm.com,5746 Coventry Lane,Fort Wayne,Indiana,,,,https://www.linkedin.com/in/robert-grubbs-49031613,https://www.linkedin.com/in/justin-woods-399158b
Beckman Lawson LLP,beckmanlawson.com,201 W. Wayne St.,Fort Wayne,Indiana,https://www.beckmanlawson.com/attorney/matt-elliott/,https://www.beckmanlawson.com/service/collections/,https://www.linkedin.com/company/beckman-lawson,,
Adolf Law Office,adolflawoffice.com,4656 W Jefferson Blvd STE 150,Fort Wayne,Indiana,,,,https://www.linkedin.com/in/adolph-r-guerra-jr-3132799,https://www.linkedin.com/in/adolfo-mendez-8422b24
